id,home_team_win
0,False
1,False
2,False
3,True
4,False
5,True
6,False
7,False
8,True
9,False
10,False
11,False
12,True
13,True
14,False
15,False
16,False
17,False
18,True
19,True
20,True
21,False
22,True
23,False
24,False
25,False
26,False
27,True
28,True
29,True
30,False
31,False
32,True
33,True
34,False
35,True
36,False
37,False
38,True
39,False
40,False
41,True
42,True
43,False
44,False
45,False
46,False
47,False
48,True
49,True
50,True
51,False
52,False
53,True
54,False
55,False
56,True
57,True
58,True
59,True
60,True
61,True
62,False
63,True
64,True
65,False
66,False
67,False
68,True
69,True
70,True
71,True
72,False
73,True
74,False
75,False
76,False
77,True
78,False
79,False
80,True
81,False
82,True
83,False
84,False
85,True
86,False
87,True
88,True
89,False
90,True
91,False
92,True
93,True
94,True
95,True
96,False
97,True
98,True
99,False
100,True
101,False
102,False
103,False
104,True
105,False
106,False
107,True
108,True
109,False
110,False
111,True
112,True
113,False
114,False
115,False
116,False
117,True
118,False
119,True
120,True
121,True
122,True
123,True
124,True
125,False
126,False
127,True
128,True
129,True
130,True
131,True
132,True
133,False
134,False
135,True
136,False
137,False
138,False
139,True
140,True
141,False
142,False
143,False
144,False
145,True
146,True
147,True
148,False
149,False
150,True
151,True
152,False
153,True
154,False
155,False
156,False
157,True
158,True
159,True
160,True
161,True
162,True
163,False
164,False
165,False
166,False
167,False
168,True
169,False
170,True
171,False
172,False
173,False
174,False
175,True
176,True
177,True
178,False
179,False
180,False
181,True
182,False
183,True
184,True
185,True
186,True
187,False
188,True
189,False
190,True
191,False
192,True
193,False
194,True
195,False
196,False
197,False
198,False
199,True
200,False
201,False
202,False
203,False
204,False
205,True
206,True
207,True
208,True
209,False
210,False
211,False
212,False
213,True
214,True
215,False
216,False
217,True
218,True
219,False
220,True
221,False
222,True
223,False
224,True
225,True
226,True
227,True
228,True
229,False
230,True
231,True
232,True
233,True
234,True
235,True
236,False
237,False
238,True
239,False
240,False
241,False
242,False
243,True
244,False
245,False
246,False
247,False
248,False
249,True
250,False
251,True
252,False
253,False
254,True
255,True
256,False
257,False
258,True
259,False
260,False
261,True
262,False
263,False
264,False
265,True
266,True
267,False
268,True
269,False
270,False
271,True
272,False
273,False
274,True
275,False
276,True
277,True
278,True
279,True
280,False
281,False
282,True
283,True
284,True
285,False
286,False
287,False
288,False
289,False
290,False
291,False
292,True
293,True
294,False
295,True
296,True
297,False
298,False
299,True
300,True
301,True
302,True
303,True
304,False
305,True
306,False
307,False
308,False
309,False
310,False
311,False
312,False
313,True
314,False
315,False
316,True
317,False
318,True
319,False
320,False
321,True
322,False
323,True
324,True
325,False
326,True
327,False
328,False
329,False
330,False
331,True
332,False
333,True
334,False
335,False
336,False
337,True
338,False
339,True
340,True
341,False
342,False
343,False
344,False
345,False
346,True
347,True
348,True
349,True
350,True
351,False
352,True
353,True
354,False
355,False
356,True
357,True
358,False
359,False
360,False
361,False
362,False
363,False
364,True
365,False
366,False
367,True
368,False
369,False
370,True
371,True
372,False
373,True
374,True
375,False
376,True
377,False
378,False
379,True
380,False
381,False
382,False
383,False
384,True
385,False
386,True
387,False
388,True
389,True
390,False
391,True
392,True
393,False
394,True
395,False
396,False
397,True
398,True
399,True
400,True
401,False
402,True
403,False
404,True
405,True
406,False
407,False
408,True
409,True
410,False
411,False
412,True
413,False
414,False
415,False
416,False
417,True
418,True
419,False
420,True
421,True
422,False
423,False
424,False
425,False
426,True
427,True
428,True
429,True
430,True
431,False
432,True
433,True
434,True
435,True
436,True
437,False
438,True
439,False
440,True
441,False
442,True
443,True
444,True
445,False
446,False
447,True
448,False
449,True
450,True
451,False
452,False
453,False
454,False
455,False
456,True
457,False
458,True
459,True
460,False
461,False
462,False
463,True
464,False
465,True
466,False
467,False
468,True
469,True
470,False
471,True
472,True
473,True
474,False
475,True
476,True
477,False
478,False
479,True
480,False
481,False
482,True
483,False
484,False
485,True
486,True
487,False
488,False
489,True
490,False
491,True
492,True
493,True
494,True
495,False
496,True
497,False
498,False
499,False
500,True
501,True
502,False
503,False
504,True
505,True
506,True
507,True
508,False
509,True
510,False
511,False
512,False
513,True
514,True
515,False
516,False
517,False
518,False
519,False
520,False
521,True
522,True
523,False
524,False
525,True
526,False
527,False
528,False
529,True
530,False
531,False
532,True
533,False
534,False
535,False
536,True
537,False
538,False
539,False
540,False
541,True
542,True
543,False
544,False
545,False
546,True
547,False
548,True
549,True
550,False
551,False
552,True
553,True
554,False
555,True
556,False
557,False
558,False
559,False
560,True
561,False
562,False
563,False
564,True
565,False
566,False
567,True
568,True
569,True
570,True
571,True
572,False
573,False
574,False
575,False
576,True
577,False
578,False
579,True
580,True
581,True
582,True
583,True
584,True
585,True
586,True
587,False
588,True
589,True
590,True
591,True
592,True
593,False
594,True
595,False
596,False
597,False
598,False
599,True
600,True
601,True
602,False
603,True
604,True
605,True
606,False
607,False
608,False
609,False
610,False
611,False
612,False
613,False
614,True
615,True
616,False
617,True
618,True
619,False
620,True
621,True
622,False
623,True
624,True
625,False
626,True
627,True
628,True
629,True
630,False
631,True
632,True
633,False
634,True
635,True
636,True
637,False
638,False
639,False
640,False
641,False
642,True
643,True
644,False
645,False
646,True
647,True
648,False
649,False
650,False
651,False
652,True
653,False
654,True
655,False
656,True
657,False
658,False
659,False
660,True
661,True
662,False
663,True
664,False
665,False
666,False
667,False
668,False
669,True
670,False
671,False
672,False
673,False
674,False
675,False
676,True
677,True
678,True
679,True
680,True
681,False
682,False
683,True
684,False
685,False
686,False
687,True
688,False
689,False
690,False
691,True
692,False
693,False
694,True
695,False
696,True
697,False
698,True
699,True
700,True
701,False
702,True
703,False
704,True
705,False
706,True
707,True
708,False
709,False
710,False
711,True
712,False
713,True
714,True
715,False
716,True
717,True
718,False
719,False
720,True
721,True
722,False
723,False
724,True
725,True
726,False
727,True
728,True
729,True
730,True
731,True
732,False
733,False
734,False
735,False
736,False
737,False
738,True
739,True
740,True
741,False
742,False
743,False
744,False
745,True
746,False
747,False
748,True
749,True
750,False
751,True
752,False
753,True
754,True
755,True
756,False
757,True
758,True
759,False
760,False
761,False
762,True
763,False
764,False
765,False
766,True
767,False
768,False
769,True
770,False
771,True
772,False
773,False
774,False
775,False
776,False
777,True
778,True
779,False
780,True
781,False
782,False
783,True
784,True
785,True
786,False
787,True
788,False
789,True
790,True
791,False
792,True
793,True
794,False
795,False
796,False
797,True
798,False
799,True
800,False
801,False
802,False
803,True
804,True
805,False
806,False
807,False
808,True
809,False
810,False
811,False
812,True
813,True
814,False
815,False
816,False
817,True
818,False
819,False
820,False
821,True
822,True
823,False
824,True
825,False
826,True
827,False
828,True
829,False
830,False
831,True
832,True
833,True
834,False
835,False
836,True
837,True
838,False
839,False
840,True
841,False
842,True
843,False
844,False
845,True
846,True
847,True
848,True
849,True
850,False
851,True
852,False
853,True
854,False
855,True
856,False
857,False
858,False
859,True
860,True
861,True
862,True
863,False
864,True
865,False
866,False
867,True
868,True
869,True
870,False
871,True
872,False
873,False
874,False
875,False
876,True
877,False
878,False
879,True
880,False
881,True
882,False
883,False
884,False
885,True
886,True
887,True
888,False
889,False
890,True
891,True
892,False
893,False
894,True
895,True
896,False
897,True
898,True
899,False
900,True
901,False
902,False
903,False
904,False
905,True
906,False
907,False
908,True
909,True
910,False
911,False
912,True
913,True
914,True
915,True
916,False
917,True
918,False
919,False
920,True
921,True
922,True
923,False
924,False
925,True
926,False
927,True
928,True
929,False
930,True
931,True
932,True
933,True
934,True
935,True
936,True
937,True
938,True
939,True
940,False
941,True
942,True
943,True
944,True
945,True
946,True
947,False
948,False
949,False
950,False
951,False
952,False
953,False
954,False
955,True
956,False
957,False
958,True
959,False
960,False
961,True
962,False
963,True
964,True
965,True
966,False
967,True
968,False
969,False
970,False
971,False
972,False
973,True
974,False
975,True
976,False
977,True
978,False
979,True
980,False
981,False
982,False
983,True
984,False
985,True
986,True
987,True
988,False
989,False
990,False
991,False
992,True
993,True
994,False
995,False
996,True
997,True
998,False
999,True
1000,True
1001,True
1002,True
1003,False
1004,False
1005,False
1006,True
1007,True
1008,True
1009,False
1010,True
1011,False
1012,False
1013,False
1014,True
1015,True
1016,False
1017,False
1018,True
1019,True
1020,True
1021,False
1022,True
1023,False
1024,True
1025,True
1026,True
1027,False
1028,False
1029,False
1030,False
1031,False
1032,True
1033,True
1034,True
1035,False
1036,False
1037,False
1038,False
1039,False
1040,True
1041,False
1042,True
1043,False
1044,False
1045,False
1046,True
1047,False
1048,False
1049,False
1050,True
1051,True
1052,True
1053,False
1054,False
1055,False
1056,False
1057,True
1058,False
1059,True
1060,True
1061,True
1062,False
1063,False
1064,False
1065,False
1066,True
1067,True
1068,False
1069,False
1070,False
1071,True
1072,True
1073,False
1074,True
1075,False
1076,False
1077,False
1078,True
1079,True
1080,False
1081,True
1082,True
1083,False
1084,True
1085,True
1086,False
1087,True
1088,True
1089,True
1090,False
1091,True
1092,True
1093,False
1094,False
1095,False
1096,False
1097,False
1098,True
1099,True
1100,False
1101,False
1102,True
1103,False
1104,True
1105,False
1106,True
1107,False
1108,False
1109,True
1110,True
1111,True
1112,False
1113,True
1114,True
1115,True
1116,True
1117,True
1118,True
1119,False
1120,True
1121,False
1122,False
1123,False
1124,False
1125,False
1126,True
1127,False
1128,False
1129,True
1130,False
1131,False
1132,False
1133,True
1134,True
1135,True
1136,True
1137,False
1138,False
1139,True
1140,False
1141,False
1142,True
1143,False
1144,True
1145,True
1146,True
1147,False
1148,True
1149,False
1150,True
1151,False
1152,False
1153,False
1154,False
1155,False
1156,True
1157,True
1158,False
1159,True
1160,False
1161,True
1162,False
1163,False
1164,True
1165,False
1166,False
1167,False
1168,True
1169,False
1170,True
1171,False
1172,True
1173,True
1174,True
1175,False
1176,False
1177,False
1178,False
1179,False
1180,False
1181,True
1182,True
1183,False
1184,True
1185,False
1186,True
1187,False
1188,False
1189,True
1190,True
1191,True
1192,False
1193,True
1194,True
1195,False
1196,True
1197,False
1198,False
1199,True
1200,False
1201,True
1202,False
1203,False
1204,True
1205,True
1206,False
1207,True
1208,True
1209,True
1210,False
1211,False
1212,False
1213,False
1214,False
1215,True
1216,False
1217,True
1218,True
1219,True
1220,True
1221,False
1222,True
1223,True
1224,False
1225,False
1226,False
1227,True
1228,False
1229,False
1230,False
1231,False
1232,True
1233,True
1234,False
1235,False
1236,True
1237,False
1238,True
1239,False
1240,False
1241,False
1242,True
1243,True
1244,False
1245,False
1246,False
1247,False
1248,False
1249,False
1250,True
1251,False
1252,True
1253,True
1254,True
1255,False
1256,True
1257,False
1258,False
1259,False
1260,False
1261,False
1262,False
1263,False
1264,False
1265,False
1266,True
1267,True
1268,False
1269,False
1270,True
1271,False
1272,True
1273,False
1274,False
1275,True
1276,True
1277,True
1278,False
1279,False
1280,True
1281,False
1282,False
1283,False
1284,False
1285,True
1286,True
1287,False
1288,True
1289,False
1290,True
1291,True
1292,True
1293,True
1294,False
1295,False
1296,True
1297,True
1298,False
1299,False
1300,False
1301,False
1302,True
1303,True
1304,False
1305,True
1306,True
1307,False
1308,True
1309,True
1310,False
1311,False
1312,False
1313,True
1314,False
1315,False
1316,False
1317,False
1318,True
1319,False
1320,False
1321,False
1322,False
1323,True
1324,False
1325,True
1326,False
1327,False
1328,True
1329,False
1330,True
1331,False
1332,True
1333,False
1334,False
1335,True
1336,False
1337,False
1338,False
1339,False
1340,True
1341,False
1342,True
1343,True
1344,False
1345,False
1346,False
1347,True
1348,True
1349,True
1350,True
1351,True
1352,False
1353,True
1354,False
1355,True
1356,False
1357,False
1358,True
1359,False
1360,False
1361,True
1362,True
1363,True
1364,True
1365,False
1366,True
1367,False
1368,False
1369,True
1370,True
1371,True
1372,False
1373,True
1374,False
1375,True
1376,True
1377,True
1378,False
1379,False
1380,False
1381,False
1382,True
1383,True
1384,False
1385,False
1386,False
1387,False
1388,True
1389,True
1390,False
1391,False
1392,False
1393,False
1394,True
1395,False
1396,True
1397,True
1398,False
1399,False
1400,False
1401,False
1402,True
1403,True
1404,False
1405,True
1406,True
1407,True
1408,True
1409,True
1410,True
1411,True
1412,True
1413,True
1414,False
1415,True
1416,False
1417,True
1418,True
1419,True
1420,False
1421,False
1422,True
1423,False
1424,True
1425,True
1426,True
1427,False
1428,False
1429,True
1430,False
1431,False
1432,True
1433,True
1434,True
1435,True
1436,True
1437,True
1438,False
1439,True
1440,False
1441,False
1442,False
1443,False
1444,True
1445,True
1446,False
1447,True
1448,True
1449,False
1450,False
1451,True
1452,False
1453,True
1454,True
1455,True
1456,True
1457,True
1458,False
1459,False
1460,False
1461,True
1462,True
1463,True
1464,False
1465,False
1466,False
1467,False
1468,True
1469,True
1470,True
1471,True
1472,False
1473,True
1474,True
1475,True
1476,True
1477,False
1478,True
1479,True
1480,False
1481,True
1482,True
1483,False
1484,False
1485,True
1486,False
1487,True
1488,True
1489,False
1490,True
1491,False
1492,True
1493,False
1494,False
1495,False
1496,True
1497,False
1498,False
1499,False
1500,False
1501,False
1502,False
1503,True
1504,True
1505,True
1506,False
1507,True
1508,True
1509,True
1510,True
1511,True
1512,False
1513,False
1514,False
1515,True
1516,True
1517,False
1518,True
1519,True
1520,True
1521,False
1522,False
1523,False
1524,True
1525,True
1526,False
1527,False
1528,False
1529,True
1530,True
1531,True
1532,True
1533,True
1534,False
1535,True
1536,False
1537,True
1538,True
1539,True
1540,False
1541,False
1542,False
1543,False
1544,True
1545,True
1546,True
1547,False
1548,True
1549,False
1550,False
1551,True
1552,True
1553,True
1554,True
1555,True
1556,False
1557,False
1558,False
1559,True
1560,False
1561,False
1562,False
1563,False
1564,True
1565,False
1566,True
1567,True
1568,True
1569,False
1570,True
1571,False
1572,False
1573,True
1574,True
1575,False
1576,True
1577,False
1578,False
1579,True
1580,False
1581,True
1582,True
1583,False
1584,False
1585,True
1586,False
1587,True
1588,False
1589,True
1590,True
1591,True
1592,True
1593,True
1594,True
1595,True
1596,False
1597,True
1598,False
1599,True
1600,False
1601,True
1602,False
1603,False
1604,True
1605,False
1606,False
1607,True
1608,True
1609,False
1610,False
1611,True
1612,False
1613,True
1614,False
1615,True
1616,True
1617,True
1618,False
1619,True
1620,True
1621,True
1622,True
1623,True
1624,True
1625,True
1626,False
1627,False
1628,True
1629,True
1630,True
1631,True
1632,True
1633,False
1634,False
1635,False
1636,False
1637,False
1638,True
1639,True
1640,False
1641,True
1642,False
1643,True
1644,False
1645,False
1646,True
1647,False
1648,True
1649,False
1650,True
1651,False
1652,True
1653,True
1654,False
1655,False
1656,False
1657,False
1658,True
1659,False
1660,True
1661,False
1662,False
1663,False
1664,False
1665,True
1666,False
1667,True
1668,False
1669,True
1670,False
1671,True
1672,True
1673,True
1674,False
1675,False
1676,False
1677,False
1678,False
1679,True
1680,True
1681,True
1682,False
1683,True
1684,True
1685,False
1686,True
1687,False
1688,False
1689,True
1690,True
1691,False
1692,False
1693,True
1694,True
1695,False
1696,True
1697,False
1698,False
1699,True
1700,False
1701,True
1702,False
1703,True
1704,False
1705,True
1706,True
1707,True
1708,False
1709,True
1710,True
1711,False
1712,False
1713,False
1714,True
1715,False
1716,False
1717,False
1718,False
1719,True
1720,False
1721,False
1722,False
1723,False
1724,True
1725,True
1726,True
1727,True
1728,True
1729,True
1730,True
1731,False
1732,False
1733,True
1734,True
1735,True
1736,True
1737,False
1738,True
1739,True
1740,False
1741,True
1742,True
1743,True
1744,False
1745,True
1746,False
1747,True
1748,True
1749,True
1750,True
1751,False
1752,True
1753,True
1754,True
1755,True
1756,False
1757,True
1758,False
1759,True
1760,True
1761,True
1762,True
1763,False
1764,False
1765,True
1766,True
1767,True
1768,False
1769,True
1770,False
1771,False
1772,False
1773,True
1774,False
1775,True
1776,False
1777,True
1778,True
1779,False
1780,True
1781,True
1782,True
1783,False
1784,True
1785,False
1786,False
1787,False
1788,False
1789,False
1790,True
1791,True
1792,False
1793,True
1794,True
1795,False
1796,True
1797,False
1798,False
1799,False
1800,False
1801,False
1802,False
1803,False
1804,False
1805,False
1806,False
1807,False
1808,True
1809,False
1810,True
1811,True
1812,True
1813,True
1814,False
1815,False
1816,True
1817,True
1818,True
1819,True
1820,True
1821,False
1822,False
1823,True
1824,True
1825,True
1826,True
1827,True
1828,False
1829,False
1830,False
1831,True
1832,True
1833,False
1834,False
1835,True
1836,True
1837,True
1838,False
1839,False
1840,False
1841,True
1842,True
1843,False
1844,True
1845,False
1846,False
1847,True
1848,False
1849,False
1850,False
1851,True
1852,False
1853,False
1854,True
1855,False
1856,False
1857,True
1858,False
1859,True
1860,True
1861,False
1862,False
1863,False
1864,True
1865,False
1866,True
1867,False
1868,True
1869,True
1870,False
1871,True
1872,True
1873,False
1874,True
1875,True
1876,True
1877,True
1878,True
1879,False
1880,False
1881,True
1882,False
1883,False
1884,True
1885,True
1886,False
1887,False
1888,True
1889,False
1890,True
1891,True
1892,False
1893,True
1894,True
1895,False
1896,False
1897,False
1898,False
1899,False
1900,False
1901,True
1902,True
1903,True
1904,False
1905,True
1906,True
1907,False
1908,True
1909,True
1910,True
1911,True
1912,True
1913,False
1914,True
1915,True
1916,False
1917,False
1918,False
1919,True
1920,True
1921,False
1922,False
1923,True
1924,True
1925,False
1926,False
1927,True
1928,False
1929,False
1930,True
1931,False
1932,True
1933,True
1934,True
1935,True
1936,True
1937,True
1938,True
1939,True
1940,True
1941,True
1942,False
1943,True
1944,True
1945,True
1946,True
1947,True
1948,True
1949,False
1950,True
1951,False
1952,True
1953,True
1954,True
1955,False
1956,True
1957,False
1958,True
1959,True
1960,False
1961,True
1962,True
1963,True
1964,True
1965,False
1966,True
1967,False
1968,True
1969,False
1970,True
1971,True
1972,True
1973,False
1974,False
1975,True
1976,False
1977,True
1978,False
1979,False
1980,True
1981,True
1982,False
1983,False
1984,False
1985,True
1986,True
1987,True
1988,False
1989,True
1990,False
1991,False
1992,True
1993,True
1994,False
1995,True
1996,True
1997,False
1998,True
1999,True
2000,False
2001,True
2002,False
2003,False
2004,True
2005,False
2006,False
2007,False
2008,True
2009,True
2010,False
2011,True
2012,True
2013,False
2014,True
2015,False
2016,True
2017,True
2018,True
2019,False
2020,False
2021,False
2022,True
2023,True
2024,True
2025,False
2026,False
2027,False
2028,False
2029,True
2030,False
2031,False
2032,False
2033,True
2034,True
2035,True
2036,True
2037,True
2038,False
2039,False
2040,False
2041,True
2042,False
2043,True
2044,False
2045,True
2046,True
2047,False
2048,True
2049,False
2050,True
2051,False
2052,True
2053,False
2054,False
2055,False
2056,True
2057,False
2058,False
2059,False
2060,False
2061,True
2062,True
2063,True
2064,True
2065,True
2066,False
2067,True
2068,True
2069,False
2070,True
2071,False
2072,False
2073,True
2074,False
2075,True
2076,True
2077,True
2078,True
2079,True
2080,False
2081,True
2082,True
2083,False
2084,False
2085,False
2086,True
2087,False
2088,True
2089,True
2090,True
2091,False
2092,False
2093,True
2094,False
2095,False
2096,False
2097,True
2098,True
2099,True
2100,False
2101,False
2102,True
2103,True
2104,True
2105,False
2106,True
2107,False
2108,False
2109,True
2110,False
2111,False
2112,True
2113,False
2114,False
2115,False
2116,True
2117,False
2118,False
2119,False
2120,True
2121,False
2122,True
2123,False
2124,True
2125,False
2126,True
2127,False
2128,True
2129,True
2130,False
2131,True
2132,True
2133,False
2134,True
2135,False
2136,False
2137,False
2138,True
2139,False
2140,False
2141,True
2142,True
2143,True
2144,True
2145,False
2146,True
2147,False
2148,True
2149,True
2150,True
2151,True
2152,False
2153,True
2154,True
2155,False
2156,True
2157,False
2158,False
2159,False
2160,True
2161,False
2162,False
2163,True
2164,False
2165,False
2166,True
2167,False
2168,False
2169,True
2170,True
2171,True
2172,True
2173,True
2174,False
2175,False
2176,False
2177,True
2178,True
2179,True
2180,True
2181,True
2182,True
2183,True
2184,False
2185,True
2186,False
2187,True
2188,True
2189,False
2190,True
2191,False
2192,True
2193,True
2194,False
2195,True
2196,True
2197,True
2198,False
2199,True
2200,True
2201,False
2202,False
2203,False
2204,False
2205,True
2206,True
2207,True
2208,True
2209,False
2210,False
2211,True
2212,False
2213,False
2214,True
2215,True
2216,True
2217,True
2218,True
2219,False
2220,False
2221,False
2222,True
2223,False
2224,False
2225,True
2226,True
2227,False
2228,False
2229,True
2230,True
2231,True
2232,False
2233,True
2234,True
2235,False
2236,False
2237,False
2238,False
2239,False
2240,True
2241,True
2242,True
2243,True
2244,True
2245,True
2246,False
2247,True
2248,False
2249,False
2250,False
2251,False
2252,False
2253,False
2254,False
2255,True
2256,False
2257,False
2258,False
2259,True
2260,False
2261,True
2262,False
2263,False
2264,True
2265,False
2266,True
2267,False
2268,False
2269,False
2270,True
2271,True
2272,False
2273,True
2274,False
2275,True
2276,True
2277,True
2278,True
2279,False
2280,True
2281,True
2282,False
2283,True
2284,True
2285,False
2286,True
2287,True
2288,True
2289,False
2290,False
2291,False
2292,False
2293,False
2294,True
2295,False
2296,False
2297,False
2298,False
2299,True
2300,True
2301,True
2302,False
2303,False
2304,True
2305,True
2306,False
2307,False
2308,True
2309,False
2310,True
2311,True
2312,False
2313,True
2314,True
2315,False
2316,False
2317,False
2318,True
2319,True
2320,False
2321,True
2322,True
2323,True
2324,True
2325,False
2326,True
2327,True
2328,False
2329,True
2330,True
2331,False
2332,False
2333,False
2334,False
2335,True
2336,False
2337,False
2338,False
2339,False
2340,True
2341,True
2342,True
2343,True
2344,True
2345,True
2346,True
2347,True
2348,True
2349,False
2350,True
2351,True
2352,False
2353,False
2354,True
2355,True
2356,True
2357,False
2358,True
2359,False
2360,False
2361,True
2362,False
2363,True
2364,False
2365,True
2366,False
2367,True
2368,True
2369,True
2370,True
2371,False
2372,False
2373,True
2374,False
2375,False
2376,True
2377,True
2378,False
2379,False
2380,False
2381,True
2382,True
2383,True
2384,False
2385,True
2386,True
2387,False
2388,True
2389,True
2390,False
2391,True
2392,False
2393,False
2394,True
2395,False
2396,True
2397,False
2398,False
2399,False
2400,False
2401,True
2402,False
2403,True
2404,False
2405,True
2406,False
2407,False
2408,True
2409,True
2410,True
2411,True
2412,False
2413,True
2414,True
2415,True
2416,True
2417,True
2418,False
2419,True
2420,False
2421,False
2422,True
2423,True
2424,False
2425,True
2426,True
2427,False
2428,False
2429,False
2430,False
2431,False
2432,False
2433,False
2434,False
2435,False
2436,True
2437,True
2438,True
2439,False
2440,False
2441,False
2442,False
2443,False
2444,True
2445,True
2446,False
2447,True
2448,True
2449,True
2450,False
2451,False
2452,False
2453,False
2454,False
2455,True
2456,True
2457,True
2458,True
2459,False
2460,False
2461,False
2462,False
2463,False
2464,False
2465,False
2466,True
2467,True
2468,True
2469,True
2470,True
2471,True
2472,False
2473,False
2474,True
2475,True
2476,False
2477,True
2478,False
2479,True
2480,True
2481,False
2482,False
2483,False
2484,False
2485,False
2486,False
2487,True
2488,True
2489,False
2490,False
2491,True
2492,False
2493,True
2494,False
2495,False
2496,True
2497,False
2498,True
2499,True
2500,True
2501,False
2502,False
2503,True
2504,True
2505,False
2506,True
2507,True
2508,False
2509,False
2510,False
2511,True
2512,True
2513,True
2514,True
2515,True
2516,True
2517,False
2518,False
2519,True
2520,True
2521,True
2522,True
2523,False
2524,True
2525,False
2526,True
2527,True
2528,True
2529,False
2530,True
2531,True
2532,False
2533,False
2534,False
2535,False
2536,True
2537,False
2538,False
2539,True
2540,False
2541,True
2542,False
2543,False
2544,True
2545,False
2546,False
2547,True
2548,True
2549,True
2550,False
2551,True
2552,True
2553,False
2554,False
2555,True
2556,True
2557,True
2558,False
2559,False
2560,False
2561,True
2562,False
2563,True
2564,False
2565,True
2566,True
2567,False
2568,True
2569,False
2570,True
2571,True
2572,False
2573,False
2574,False
2575,True
2576,False
2577,False
2578,False
2579,False
2580,False
2581,False
2582,True
2583,False
2584,False
2585,False
2586,True
2587,True
2588,False
2589,True
2590,False
2591,True
2592,True
2593,False
2594,False
2595,False
2596,True
2597,True
2598,True
2599,True
2600,False
2601,False
2602,False
2603,False
2604,True
2605,False
2606,True
2607,False
2608,False
2609,False
2610,False
2611,False
2612,False
2613,True
2614,False
2615,True
2616,False
2617,True
2618,True
2619,True
2620,False
2621,True
2622,True
2623,True
2624,True
2625,False
2626,True
2627,True
2628,True
2629,False
2630,True
2631,True
2632,True
2633,True
2634,False
2635,True
2636,True
2637,False
2638,False
2639,True
2640,True
2641,False
2642,True
2643,True
2644,False
2645,True
2646,False
2647,True
2648,True
2649,False
2650,False
2651,True
2652,True
2653,False
2654,False
2655,True
2656,False
2657,False
2658,True
2659,False
2660,True
2661,True
2662,False
2663,True
2664,True
2665,False
2666,True
2667,False
2668,True
2669,True
2670,False
2671,True
2672,False
2673,False
2674,True
2675,False
2676,True
2677,False
2678,True
2679,False
2680,True
2681,False
2682,False
2683,False
2684,True
2685,False
2686,True
2687,False
2688,True
2689,False
2690,False
2691,True
2692,False
2693,False
2694,True
2695,True
2696,False
2697,False
2698,False
2699,False
2700,True
2701,True
2702,False
2703,False
2704,False
2705,True
2706,False
2707,True
2708,False
2709,False
2710,True
2711,False
2712,True
2713,False
2714,True
2715,False
2716,False
2717,True
2718,True
2719,True
2720,True
2721,False
2722,False
2723,True
2724,True
2725,True
2726,True
2727,False
2728,False
2729,False
2730,True
2731,False
2732,False
2733,False
2734,False
2735,False
2736,False
2737,False
2738,False
2739,False
2740,True
2741,True
2742,True
2743,False
2744,False
2745,False
2746,False
2747,False
2748,False
2749,False
2750,True
2751,True
2752,False
2753,False
2754,False
2755,False
2756,True
2757,False
2758,False
2759,False
2760,False
2761,False
2762,False
2763,False
2764,False
2765,False
2766,True
2767,True
2768,False
2769,False
2770,True
2771,False
2772,True
2773,False
2774,True
2775,True
2776,True
2777,True
2778,False
2779,False
2780,True
2781,True
2782,False
2783,False
2784,True
2785,True
2786,False
2787,True
2788,False
2789,True
2790,True
2791,False
2792,False
2793,False
2794,True
2795,False
2796,False
2797,False
2798,True
2799,False
2800,True
2801,False
2802,True
2803,True
2804,False
2805,True
2806,True
2807,False
2808,True
2809,False
2810,False
2811,False
2812,True
2813,True
2814,True
2815,False
2816,True
2817,True
2818,False
2819,False
2820,False
2821,False
2822,False
2823,False
2824,True
2825,False
2826,False
2827,True
2828,False
2829,True
2830,False
2831,False
2832,True
2833,False
2834,True
2835,True
2836,False
2837,False
2838,False
2839,False
2840,True
2841,False
2842,True
2843,False
2844,False
2845,True
2846,True
2847,True
2848,False
2849,True
2850,True
2851,False
2852,True
2853,False
2854,True
2855,True
2856,False
2857,False
2858,True
2859,True
2860,False
2861,False
2862,True
2863,True
2864,True
2865,False
2866,True
2867,True
2868,True
2869,True
2870,False
2871,False
2872,False
2873,False
2874,True
2875,False
2876,False
2877,True
2878,True
2879,True
2880,True
2881,False
2882,False
2883,False
2884,False
2885,False
2886,True
2887,True
2888,False
2889,False
2890,False
2891,True
2892,False
2893,True
2894,True
2895,False
2896,False
2897,False
2898,True
2899,True
2900,False
2901,True
2902,True
2903,False
2904,True
2905,False
2906,False
2907,False
2908,False
2909,False
2910,True
2911,True
2912,False
2913,False
2914,False
2915,False
2916,False
2917,False
2918,False
2919,True
2920,True
2921,False
2922,False
2923,False
2924,True
2925,False
2926,False
2927,True
2928,True
2929,False
2930,False
2931,False
2932,True
2933,True
2934,True
2935,False
2936,False
2937,False
2938,False
2939,True
2940,True
2941,False
2942,True
2943,True
2944,True
2945,False
2946,False
2947,False
2948,True
2949,False
2950,False
2951,True
2952,False
2953,True
2954,False
2955,False
2956,True
2957,False
2958,False
2959,True
2960,False
2961,False
2962,True
2963,True
2964,True
2965,False
2966,False
2967,False
2968,False
2969,True
2970,True
2971,False
2972,False
2973,False
2974,False
2975,False
2976,True
2977,False
2978,True
2979,True
2980,True
2981,False
2982,True
2983,False
2984,False
2985,True
2986,True
2987,False
2988,True
2989,True
2990,True
2991,False
2992,True
2993,False
2994,True
2995,True
2996,False
2997,True
2998,False
2999,False
3000,True
3001,False
3002,False
3003,True
3004,False
3005,False
3006,False
3007,False
3008,False
3009,True
3010,False
3011,True
3012,False
3013,False
3014,True
3015,False
3016,True
3017,False
3018,True
3019,False
3020,False
3021,False
3022,True
3023,True
3024,False
3025,True
3026,True
3027,True
3028,False
3029,False
3030,True
3031,True
3032,True
3033,False
3034,True
3035,False
3036,True
3037,False
3038,True
3039,False
3040,True
3041,True
3042,False
3043,False
3044,True
3045,True
3046,False
3047,True
3048,False
3049,True
3050,False
3051,True
3052,True
3053,True
3054,False
3055,True
3056,False
3057,False
3058,False
3059,False
3060,False
3061,True
3062,False
3063,False
3064,True
3065,True
3066,False
3067,False
3068,True
3069,False
3070,False
3071,False
3072,False
3073,True
3074,False
3075,False
3076,True
3077,True
3078,True
3079,False
3080,False
3081,False
3082,True
3083,False
3084,True
3085,True
3086,False
3087,True
3088,False
3089,False
3090,False
3091,False
3092,True
3093,False
3094,True
3095,True
3096,False
3097,False
3098,True
3099,False
3100,True
3101,False
3102,True
3103,False
3104,False
3105,False
3106,True
3107,False
3108,True
3109,True
3110,False
3111,False
3112,True
3113,False
3114,True
3115,False
3116,True
3117,True
3118,False
3119,True
3120,False
3121,True
3122,True
3123,True
3124,True
3125,True
3126,True
3127,False
3128,False
3129,False
3130,False
3131,True
3132,False
3133,True
3134,False
3135,True
3136,False
3137,False
3138,False
3139,True
3140,True
3141,False
3142,True
3143,False
3144,False
3145,False
3146,True
3147,True
3148,False
3149,False
3150,True
3151,True
3152,True
3153,False
3154,False
3155,True
3156,True
3157,True
3158,True
3159,False
3160,True
3161,True
3162,False
3163,False
3164,True
3165,True
3166,False
3167,False
3168,False
3169,False
3170,True
3171,False
3172,False
3173,False
3174,False
3175,True
3176,False
3177,False
3178,True
3179,True
3180,False
3181,False
3182,False
3183,True
3184,False
3185,True
3186,False
3187,False
3188,True
3189,False
3190,True
3191,True
3192,True
3193,False
3194,True
3195,True
3196,True
3197,False
3198,True
3199,True
3200,False
3201,False
3202,False
3203,True
3204,False
3205,False
3206,True
3207,False
3208,False
3209,False
3210,False
3211,False
3212,False
3213,True
3214,True
3215,True
3216,False
3217,True
3218,False
3219,True
3220,True
3221,False
3222,False
3223,True
3224,False
3225,True
3226,True
3227,True
3228,False
3229,False
3230,False
3231,False
3232,True
3233,True
3234,True
3235,False
3236,True
3237,True
3238,False
3239,False
3240,False
3241,False
3242,False
3243,True
3244,True
3245,True
3246,False
3247,True
3248,True
3249,True
3250,True
3251,False
3252,False
3253,False
3254,True
3255,True
3256,False
3257,False
3258,True
3259,True
3260,False
3261,False
3262,True
3263,True
3264,False
3265,False
3266,True
3267,True
3268,False
3269,True
3270,False
3271,False
3272,False
3273,False
3274,False
3275,True
3276,False
3277,True
3278,True
3279,True
3280,False
3281,True
3282,False
3283,False
3284,True
3285,True
3286,False
3287,False
3288,False
3289,False
3290,True
3291,False
3292,True
3293,False
3294,False
3295,True
3296,False
3297,False
3298,True
3299,False
3300,True
3301,False
3302,False
3303,False
3304,True
3305,True
3306,False
3307,True
3308,True
3309,False
3310,True
3311,False
3312,True
3313,False
3314,False
3315,False
3316,False
3317,True
3318,False
3319,True
3320,False
3321,True
3322,True
3323,True
3324,True
3325,False
3326,True
3327,False
3328,False
3329,True
3330,False
3331,True
3332,False
3333,True
3334,True
3335,True
3336,False
3337,False
3338,False
3339,True
3340,True
3341,False
3342,False
3343,False
3344,True
3345,True
3346,True
3347,True
3348,False
3349,True
3350,False
3351,False
3352,True
3353,True
3354,False
3355,False
3356,False
3357,True
3358,True
3359,False
3360,True
3361,True
3362,False
3363,False
3364,True
3365,False
3366,True
3367,False
3368,False
3369,True
3370,False
3371,False
3372,True
3373,True
3374,True
3375,True
3376,True
3377,True
3378,False
3379,True
3380,False
3381,False
3382,False
3383,True
3384,True
3385,False
3386,False
3387,False
3388,False
3389,False
3390,True
3391,False
3392,True
3393,True
3394,True
3395,True
3396,True
3397,True
3398,True
3399,False
3400,True
3401,True
3402,False
3403,True
3404,True
3405,False
3406,True
3407,False
3408,True
3409,False
3410,False
3411,True
3412,False
3413,True
3414,False
3415,False
3416,False
3417,False
3418,False
3419,False
3420,True
3421,False
3422,True
3423,True
3424,False
3425,True
3426,False
3427,False
3428,True
3429,True
3430,True
3431,True
3432,False
3433,True
3434,False
3435,False
3436,True
3437,True
3438,True
3439,False
3440,False
3441,True
3442,False
3443,False
3444,True
3445,True
3446,True
3447,False
3448,True
3449,False
3450,True
3451,False
3452,False
3453,True
3454,False
3455,True
3456,False
3457,False
3458,False
3459,False
3460,True
3461,True
3462,True
3463,False
3464,False
3465,False
3466,False
3467,True
3468,True
3469,True
3470,True
3471,False
3472,True
3473,True
3474,True
3475,False
3476,False
3477,False
3478,False
3479,False
3480,False
3481,True
3482,True
3483,False
3484,False
3485,False
3486,False
3487,True
3488,True
3489,False
3490,True
3491,True
3492,True
3493,False
3494,False
3495,False
3496,False
3497,True
3498,True
3499,False
3500,True
3501,False
3502,False
3503,True
3504,False
3505,True
3506,False
3507,True
3508,True
3509,True
3510,True
3511,True
3512,True
3513,True
3514,False
3515,False
3516,True
3517,True
3518,True
3519,False
3520,False
3521,False
3522,False
3523,True
3524,False
3525,False
3526,False
3527,True
3528,True
3529,True
3530,True
3531,True
3532,True
3533,True
3534,True
3535,True
3536,True
3537,False
3538,False
3539,True
3540,False
3541,False
3542,False
3543,False
3544,False
3545,False
3546,False
3547,True
3548,True
3549,False
3550,False
3551,True
3552,True
3553,False
3554,True
3555,True
3556,True
3557,False
3558,False
3559,True
3560,False
3561,True
3562,False
3563,False
3564,False
3565,False
3566,True
3567,False
3568,True
3569,True
3570,False
3571,True
3572,False
3573,False
3574,False
3575,True
3576,False
3577,False
3578,True
3579,False
3580,True
3581,False
3582,True
3583,True
3584,True
3585,True
3586,True
3587,True
3588,False
3589,False
3590,True
3591,False
3592,False
3593,True
3594,False
3595,False
3596,True
3597,False
3598,False
3599,True
3600,True
3601,False
3602,True
3603,True
3604,False
3605,True
3606,True
3607,False
3608,True
3609,True
3610,False
3611,False
3612,True
3613,False
3614,False
3615,False
3616,True
3617,True
3618,True
3619,False
3620,True
3621,True
3622,True
3623,False
3624,False
3625,True
3626,False
3627,False
3628,False
3629,False
3630,True
3631,False
3632,True
3633,False
3634,True
3635,False
3636,True
3637,False
3638,True
3639,True
3640,False
3641,True
3642,True
3643,False
3644,False
3645,True
3646,False
3647,False
3648,False
3649,True
3650,True
3651,True
3652,True
3653,False
3654,False
3655,True
3656,False
3657,True
3658,False
3659,True
3660,True
3661,True
3662,True
3663,True
3664,True
3665,False
3666,False
3667,False
3668,True
3669,True
3670,False
3671,False
3672,True
3673,False
3674,True
3675,True
3676,True
3677,True
3678,False
3679,False
3680,False
3681,True
3682,False
3683,True
3684,True
3685,True
3686,False
3687,False
3688,False
3689,True
3690,False
3691,False
3692,True
3693,False
3694,False
3695,True
3696,False
3697,False
3698,False
3699,False
3700,True
3701,True
3702,False
3703,True
3704,False
3705,False
3706,False
3707,False
3708,True
3709,True
3710,False
3711,True
3712,False
3713,False
3714,True
3715,False
3716,True
3717,True
3718,False
3719,True
3720,False
3721,False
3722,False
3723,True
3724,True
3725,True
3726,True
3727,True
3728,False
3729,False
3730,True
3731,True
3732,True
3733,True
3734,False
3735,False
3736,False
3737,True
3738,True
3739,False
3740,False
3741,True
3742,False
3743,True
3744,False
3745,False
3746,False
3747,True
3748,False
3749,False
3750,False
3751,True
3752,False
3753,False
3754,False
3755,False
3756,True
3757,False
3758,True
3759,True
3760,False
3761,True
3762,False
3763,True
3764,True
3765,True
3766,False
3767,False
3768,False
3769,False
3770,True
3771,False
3772,True
3773,True
3774,False
3775,False
3776,False
3777,False
3778,True
3779,True
3780,True
3781,False
3782,False
3783,False
3784,True
3785,True
3786,False
3787,True
3788,True
3789,False
3790,True
3791,False
3792,True
3793,True
3794,True
3795,True
3796,True
3797,False
3798,True
3799,False
3800,False
3801,False
3802,False
3803,False
3804,False
3805,False
3806,True
3807,True
3808,True
3809,False
3810,False
3811,False
3812,False
3813,False
3814,False
3815,False
3816,False
3817,False
3818,True
3819,True
3820,False
3821,False
3822,False
3823,False
3824,True
3825,False
3826,True
3827,True
3828,False
3829,False
3830,True
3831,True
3832,False
3833,False
3834,True
3835,False
3836,False
3837,True
3838,False
3839,True
3840,True
3841,True
3842,True
3843,False
3844,False
3845,True
3846,True
3847,True
3848,True
3849,False
3850,True
3851,True
3852,False
3853,False
3854,False
3855,True
3856,False
3857,True
3858,False
3859,True
3860,False
3861,False
3862,False
3863,True
3864,True
3865,True
3866,True
3867,True
3868,False
3869,False
3870,True
3871,False
3872,False
3873,True
3874,False
3875,True
3876,True
3877,True
3878,True
3879,False
3880,True
3881,False
3882,False
3883,False
3884,True
3885,False
3886,False
3887,True
3888,True
3889,True
3890,False
3891,False
3892,False
3893,False
3894,False
3895,False
3896,True
3897,True
3898,False
3899,True
3900,True
3901,False
3902,True
3903,True
3904,True
3905,True
3906,False
3907,True
3908,False
3909,False
3910,False
3911,True
3912,False
3913,True
3914,False
3915,True
3916,True
3917,False
3918,True
3919,True
3920,True
3921,True
3922,True
3923,False
3924,True
3925,False
3926,True
3927,True
3928,True
3929,False
3930,True
3931,True
3932,True
3933,True
3934,False
3935,True
3936,False
3937,True
3938,False
3939,False
3940,True
3941,False
3942,True
3943,True
3944,False
3945,False
3946,True
3947,True
3948,False
3949,False
3950,True
3951,False
3952,False
3953,True
3954,False
3955,True
3956,False
3957,True
3958,True
3959,False
3960,False
3961,False
3962,True
3963,False
3964,False
3965,False
3966,False
3967,True
3968,True
3969,True
3970,False
3971,False
3972,False
3973,False
3974,False
3975,False
3976,True
3977,True
3978,False
3979,False
3980,False
3981,False
3982,True
3983,True
3984,True
3985,False
3986,False
3987,True
3988,True
3989,False
3990,False
3991,False
3992,True
3993,True
3994,True
3995,True
3996,True
3997,False
3998,False
3999,False
4000,True
4001,True
4002,True
4003,False
4004,True
4005,False
4006,True
4007,False
4008,True
4009,True
4010,False
4011,False
4012,True
4013,False
4014,True
4015,True
4016,False
4017,False
4018,False
4019,True
4020,False
4021,True
4022,True
4023,False
4024,False
4025,True
4026,False
4027,True
4028,False
4029,True
4030,True
4031,False
4032,True
4033,False
4034,False
4035,True
4036,False
4037,True
4038,False
4039,False
4040,True
4041,True
4042,True
4043,True
4044,False
4045,True
4046,False
4047,True
4048,True
4049,False
4050,True
4051,True
4052,True
4053,False
4054,False
4055,False
4056,False
4057,False
4058,False
4059,False
4060,False
4061,False
4062,False
4063,True
4064,True
4065,True
4066,True
4067,False
4068,False
4069,False
4070,False
4071,False
4072,False
4073,True
4074,False
4075,False
4076,False
4077,False
4078,False
4079,False
4080,True
4081,False
4082,False
4083,False
4084,False
4085,True
4086,True
4087,False
4088,False
4089,False
4090,True
4091,False
4092,False
4093,True
4094,False
4095,False
4096,False
4097,True
4098,True
4099,True
4100,True
4101,False
4102,False
4103,False
4104,True
4105,True
4106,False
4107,False
4108,False
4109,True
4110,False
4111,False
4112,False
4113,False
4114,True
4115,True
4116,False
4117,False
4118,True
4119,False
4120,True
4121,True
4122,True
4123,True
4124,False
4125,False
4126,False
4127,True
4128,False
4129,False
4130,False
4131,True
4132,False
4133,True
4134,True
4135,True
4136,False
4137,True
4138,True
4139,True
4140,False
4141,True
4142,False
4143,False
4144,True
4145,True
4146,False
4147,True
4148,False
4149,False
4150,True
4151,False
4152,True
4153,False
4154,True
4155,False
4156,False
4157,False
4158,True
4159,True
4160,True
4161,False
4162,False
4163,False
4164,False
4165,True
4166,True
4167,True
4168,False
4169,True
4170,False
4171,False
4172,True
4173,False
4174,False
4175,True
4176,True
4177,True
4178,True
4179,True
4180,False
4181,True
4182,True
4183,True
4184,False
4185,True
4186,True
4187,False
4188,True
4189,True
4190,False
4191,True
4192,False
4193,False
4194,False
4195,True
4196,False
4197,True
4198,False
4199,False
4200,False
4201,True
4202,False
4203,True
4204,False
4205,False
4206,True
4207,True
4208,False
4209,True
4210,True
4211,False
4212,True
4213,False
4214,True
4215,True
4216,False
4217,True
4218,False
4219,True
4220,False
4221,True
4222,True
4223,True
4224,True
4225,False
4226,False
4227,False
4228,False
4229,True
4230,False
4231,False
4232,False
4233,False
4234,True
4235,True
4236,True
4237,False
4238,False
4239,False
4240,False
4241,False
4242,False
4243,False
4244,True
4245,False
4246,True
4247,False
4248,False
4249,True
4250,False
4251,False
4252,True
4253,False
4254,False
4255,True
4256,False
4257,False
4258,False
4259,True
4260,False
4261,False
4262,True
4263,True
4264,True
4265,False
4266,True
4267,False
4268,True
4269,False
4270,False
4271,False
4272,False
4273,True
4274,True
4275,False
4276,False
4277,False
4278,True
4279,False
4280,False
4281,False
4282,True
4283,False
4284,False
4285,True
4286,False
4287,False
4288,False
4289,False
4290,True
4291,False
4292,True
4293,False
4294,True
4295,True
4296,False
4297,False
4298,False
4299,True
4300,False
4301,False
4302,True
4303,True
4304,True
4305,False
4306,False
4307,True
4308,False
4309,False
4310,True
4311,True
4312,True
4313,True
4314,False
4315,False
4316,True
4317,True
4318,True
4319,False
4320,True
4321,True
4322,False
4323,True
4324,True
4325,False
4326,True
4327,True
4328,False
4329,False
4330,True
4331,False
4332,False
4333,True
4334,True
4335,False
4336,True
4337,True
4338,False
4339,True
4340,True
4341,False
4342,False
4343,False
4344,True
4345,True
4346,False
4347,True
4348,False
4349,False
4350,True
4351,False
4352,False
4353,True
4354,True
4355,True
4356,False
4357,False
4358,True
4359,False
4360,False
4361,False
4362,False
4363,False
4364,False
4365,True
4366,True
4367,False
4368,True
4369,False
4370,False
4371,True
4372,False
4373,False
4374,False
4375,False
4376,True
4377,True
4378,False
4379,False
4380,False
4381,False
4382,True
4383,False
4384,False
4385,False
4386,True
4387,False
4388,False
4389,True
4390,True
4391,True
4392,False
4393,False
4394,False
4395,True
4396,True
4397,False
4398,False
4399,False
4400,False
4401,False
4402,True
4403,True
4404,False
4405,True
4406,True
4407,True
4408,True
4409,True
4410,True
4411,True
4412,True
4413,False
4414,True
4415,True
4416,True
4417,False
4418,False
4419,False
4420,False
4421,True
4422,False
4423,False
4424,False
4425,False
4426,True
4427,False
4428,False
4429,False
4430,True
4431,False
4432,True
4433,True
4434,False
4435,False
4436,True
4437,True
4438,False
4439,False
4440,True
4441,True
4442,True
4443,True
4444,False
4445,True
4446,False
4447,True
4448,False
4449,False
4450,True
4451,True
4452,False
4453,False
4454,False
4455,True
4456,True
4457,False
4458,True
4459,True
4460,False
4461,False
4462,False
4463,False
4464,False
4465,False
4466,False
4467,True
4468,False
4469,False
4470,True
4471,True
4472,True
4473,False
4474,False
4475,False
4476,False
4477,True
4478,True
4479,False
4480,True
4481,True
4482,False
4483,True
4484,False
4485,False
4486,False
4487,False
4488,False
4489,False
4490,False
4491,False
4492,True
4493,True
4494,False
4495,True
4496,False
4497,True
4498,False
4499,False
4500,False
4501,True
4502,True
4503,True
4504,True
4505,False
4506,True
4507,True
4508,False
4509,True
4510,True
4511,True
4512,True
4513,True
4514,True
4515,False
4516,True
4517,True
4518,False
4519,True
4520,False
4521,True
4522,False
4523,True
4524,True
4525,True
4526,False
4527,True
4528,False
4529,False
4530,False
4531,False
4532,False
4533,False
4534,False
4535,False
4536,False
4537,False
4538,False
4539,True
4540,True
4541,False
4542,False
4543,False
4544,True
4545,True
4546,True
4547,True
4548,True
4549,False
4550,False
4551,False
4552,True
4553,True
4554,True
4555,True
4556,True
4557,False
4558,True
4559,True
4560,False
4561,True
4562,True
4563,False
4564,True
4565,True
4566,True
4567,True
4568,False
4569,False
4570,True
4571,False
4572,True
4573,True
4574,False
4575,True
4576,False
4577,False
4578,True
4579,True
4580,True
4581,False
4582,True
4583,True
4584,True
4585,True
4586,True
4587,True
4588,True
4589,False
4590,True
4591,False
4592,True
4593,False
4594,False
4595,False
4596,True
4597,True
4598,True
4599,False
4600,True
4601,False
4602,False
4603,True
4604,True
4605,True
4606,True
4607,False
4608,True
4609,True
4610,False
4611,False
4612,False
4613,False
4614,False
4615,True
4616,True
4617,True
4618,True
4619,True
4620,False
4621,False
4622,True
4623,True
4624,True
4625,True
4626,True
4627,True
4628,True
4629,False
4630,True
4631,True
4632,True
4633,False
4634,False
4635,True
4636,False
4637,False
4638,False
4639,False
4640,True
4641,False
4642,True
4643,False
4644,False
4645,True
4646,False
4647,True
4648,False
4649,False
4650,False
4651,True
4652,False
4653,False
4654,False
4655,True
4656,True
4657,True
4658,True
4659,False
4660,False
4661,True
4662,False
4663,True
4664,False
4665,True
4666,True
4667,False
4668,True
4669,False
4670,False
4671,True
4672,True
4673,True
4674,True
4675,False
4676,False
4677,False
4678,True
4679,True
4680,True
4681,False
4682,False
4683,True
4684,True
4685,True
4686,False
4687,True
4688,True
4689,True
4690,False
4691,False
4692,False
4693,False
4694,False
4695,True
4696,False
4697,True
4698,True
4699,True
4700,False
4701,True
4702,False
4703,False
4704,True
4705,True
4706,True
4707,False
4708,False
4709,True
4710,True
4711,False
4712,True
4713,True
4714,True
4715,False
4716,False
4717,False
4718,False
4719,False
4720,False
4721,True
4722,False
4723,False
4724,True
4725,True
4726,True
4727,False
4728,True
4729,False
4730,True
4731,True
4732,False
4733,False
4734,False
4735,True
4736,True
4737,False
4738,True
4739,True
4740,True
4741,True
4742,True
4743,True
4744,True
4745,True
4746,True
4747,False
4748,False
4749,True
4750,True
4751,False
4752,True
4753,True
4754,False
4755,False
4756,True
4757,True
4758,True
4759,False
4760,True
4761,False
4762,True
4763,False
4764,False
4765,True
4766,False
4767,False
4768,False
4769,False
4770,False
4771,False
4772,True
4773,False
4774,False
4775,True
4776,True
4777,False
4778,True
4779,False
4780,True
4781,False
4782,False
4783,True
4784,True
4785,True
4786,False
4787,True
4788,True
4789,True
4790,False
4791,False
4792,True
4793,True
4794,False
4795,False
4796,False
4797,True
4798,False
4799,True
4800,True
4801,True
4802,False
4803,True
4804,True
4805,False
4806,False
4807,True
4808,False
4809,False
4810,False
4811,False
4812,True
4813,False
4814,True
4815,False
4816,True
4817,True
4818,True
4819,False
4820,True
4821,False
4822,False
4823,False
4824,False
4825,False
4826,False
4827,False
4828,True
4829,False
4830,False
4831,True
4832,True
4833,False
4834,True
4835,True
4836,True
4837,False
4838,True
4839,True
4840,False
4841,True
4842,True
4843,True
4844,True
4845,False
4846,True
4847,False
4848,False
4849,False
4850,False
4851,True
4852,False
4853,False
4854,False
4855,False
4856,True
4857,False
4858,False
4859,False
4860,True
4861,False
4862,False
4863,False
4864,True
4865,True
4866,False
4867,False
4868,False
4869,True
4870,False
4871,True
4872,True
4873,False
4874,False
4875,True
4876,True
4877,True
4878,True
4879,True
4880,True
4881,False
4882,True
4883,True
4884,True
4885,True
4886,False
4887,True
4888,False
4889,True
4890,True
4891,False
4892,True
4893,True
4894,True
4895,True
4896,False
4897,False
4898,False
4899,False
4900,True
4901,False
4902,False
4903,False
4904,False
4905,False
4906,False
4907,True
4908,True
4909,True
4910,False
4911,True
4912,True
4913,True
4914,False
4915,True
4916,True
4917,True
4918,True
4919,False
4920,False
4921,True
4922,False
4923,True
4924,True
4925,True
4926,False
4927,False
4928,True
4929,True
4930,True
4931,False
4932,False
4933,False
4934,False
4935,True
4936,False
4937,False
4938,True
4939,False
4940,True
4941,False
4942,False
4943,False
4944,False
4945,True
4946,False
4947,False
4948,True
4949,False
4950,True
4951,False
4952,True
4953,False
4954,False
4955,True
4956,False
4957,True
4958,True
4959,True
4960,True
4961,False
4962,True
4963,True
4964,False
4965,False
4966,True
4967,False
4968,False
4969,True
4970,False
4971,False
4972,True
4973,True
4974,True
4975,False
4976,False
4977,True
4978,False
4979,False
4980,True
4981,True
4982,False
4983,False
4984,False
4985,True
4986,False
4987,False
4988,True
4989,False
4990,True
4991,True
4992,False
4993,True
4994,True
4995,False
4996,False
4997,True
4998,True
4999,False
5000,False
5001,True
5002,True
5003,False
5004,False
5005,True
5006,False
5007,False
5008,False
5009,False
5010,True
5011,True
5012,True
5013,True
5014,False
5015,True
5016,True
5017,True
5018,False
5019,False
5020,False
5021,True
5022,True
5023,True
5024,False
5025,False
5026,True
5027,False
5028,True
5029,True
5030,True
5031,False
5032,False
5033,False
5034,True
5035,False
5036,False
5037,False
5038,True
5039,True
5040,True
5041,True
5042,True
5043,False
5044,False
5045,True
5046,True
5047,False
5048,False
5049,False
5050,False
5051,True
5052,True
5053,True
5054,True
5055,False
5056,False
5057,False
5058,False
5059,True
5060,False
5061,True
5062,True
5063,True
5064,False
5065,False
5066,True
5067,False
5068,True
5069,False
5070,False
5071,False
5072,False
5073,False
5074,False
5075,True
5076,True
5077,False
5078,False
5079,True
5080,True
5081,False
5082,True
5083,False
5084,True
5085,False
5086,False
5087,False
5088,True
5089,True
5090,True
5091,False
5092,True
5093,False
5094,True
5095,False
5096,False
5097,False
5098,True
5099,False
5100,False
5101,False
5102,False
5103,False
5104,False
5105,True
5106,False
5107,False
5108,False
5109,False
5110,True
5111,True
5112,True
5113,True
5114,True
5115,False
5116,False
5117,False
5118,False
5119,True
5120,True
5121,True
5122,True
5123,False
5124,True
5125,True
5126,True
5127,True
5128,True
5129,True
5130,False
5131,False
5132,False
5133,True
5134,False
5135,True
5136,False
5137,False
5138,False
5139,True
5140,True
5141,False
5142,False
5143,True
5144,True
5145,True
5146,True
5147,True
5148,True
5149,True
5150,False
5151,True
5152,False
5153,True
5154,True
5155,True
5156,True
5157,False
5158,False
5159,False
5160,False
5161,False
5162,False
5163,False
5164,False
5165,True
5166,False
5167,False
5168,False
5169,True
5170,True
5171,True
5172,True
5173,False
5174,False
5175,True
5176,False
5177,False
5178,False
5179,False
5180,True
5181,True
5182,True
5183,False
5184,False
5185,True
5186,False
5187,True
5188,True
5189,False
5190,False
5191,True
5192,False
5193,True
5194,False
5195,True
5196,False
5197,False
5198,False
5199,True
5200,False
5201,True
5202,False
5203,False
5204,True
5205,False
5206,True
5207,False
5208,False
5209,False
5210,False
5211,False
5212,False
5213,True
5214,False
5215,True
5216,False
5217,False
5218,False
5219,False
5220,False
5221,True
5222,False
5223,True
5224,False
5225,True
5226,False
5227,True
5228,True
5229,False
5230,False
5231,True
5232,True
5233,False
5234,True
5235,True
5236,True
5237,True
5238,True
5239,False
5240,False
5241,False
5242,False
5243,False
5244,False
5245,True
5246,True
5247,False
5248,True
5249,True
5250,False
5251,False
5252,False
5253,False
5254,True
5255,False
5256,True
5257,True
5258,False
5259,False
5260,True
5261,False
5262,False
5263,False
5264,False
5265,False
5266,True
5267,True
5268,False
5269,False
5270,False
5271,False
5272,True
5273,False
5274,True
5275,True
5276,True
5277,True
5278,False
5279,False
5280,True
5281,False
5282,False
5283,False
5284,True
5285,True
5286,False
5287,True
5288,False
5289,True
5290,False
5291,True
5292,True
5293,False
5294,True
5295,False
5296,True
5297,True
5298,False
5299,False
5300,False
5301,True
5302,False
5303,True
5304,False
5305,False
5306,True
5307,False
5308,False
5309,True
5310,True
5311,False
5312,True
5313,True
5314,False
5315,True
5316,True
5317,False
5318,False
5319,False
5320,True
5321,False
5322,False
5323,True
5324,True
5325,True
5326,False
5327,True
5328,False
5329,True
5330,True
5331,True
5332,False
5333,True
5334,True
5335,True
5336,False
5337,True
5338,True
5339,False
5340,False
5341,True
5342,False
5343,False
5344,True
5345,True
5346,False
5347,False
5348,True
5349,False
5350,True
5351,True
5352,True
5353,False
5354,True
5355,True
5356,False
5357,False
5358,False
5359,True
5360,False
5361,False
5362,True
5363,False
5364,False
5365,True
5366,False
5367,True
5368,True
5369,True
5370,True
5371,False
5372,False
5373,True
5374,True
5375,True
5376,True
5377,False
5378,True
5379,False
5380,False
5381,True
5382,False
5383,False
5384,True
5385,True
5386,True
5387,True
5388,True
5389,False
5390,True
5391,True
5392,True
5393,False
5394,False
5395,True
5396,False
5397,True
5398,True
5399,True
5400,True
5401,False
5402,True
5403,True
5404,False
5405,True
5406,True
5407,False
5408,False
5409,True
5410,True
5411,True
5412,True
5413,True
5414,False
5415,True
5416,False
5417,False
5418,True
5419,False
5420,False
5421,False
5422,False
5423,True
5424,False
5425,False
5426,False
5427,True
5428,True
5429,False
5430,False
5431,True
5432,True
5433,False
5434,True
5435,True
5436,False
5437,True
5438,False
5439,False
5440,True
5441,False
5442,False
5443,False
5444,True
5445,True
5446,False
5447,False
5448,True
5449,True
5450,True
5451,False
5452,True
5453,False
5454,True
5455,False
5456,False
5457,False
5458,False
5459,True
5460,False
5461,True
5462,True
5463,False
5464,True
5465,True
5466,True
5467,False
5468,True
5469,False
5470,False
5471,True
5472,True
5473,True
5474,False
5475,False
5476,True
5477,True
5478,True
5479,True
5480,False
5481,True
5482,True
5483,True
5484,True
5485,True
5486,False
5487,False
5488,False
5489,False
5490,True
5491,True
5492,False
5493,True
5494,False
5495,True
5496,True
5497,True
5498,True
5499,False
5500,True
5501,True
5502,False
5503,True
5504,False
5505,False
5506,False
5507,False
5508,True
5509,False
5510,False
5511,True
5512,True
5513,True
5514,False
5515,True
5516,False
5517,False
5518,True
5519,True
5520,False
5521,False
5522,False
5523,False
5524,True
5525,True
5526,True
5527,True
5528,False
5529,True
5530,True
5531,False
5532,True
5533,False
5534,False
5535,True
5536,False
5537,False
5538,True
5539,False
5540,True
5541,True
5542,True
5543,True
5544,False
5545,False
5546,False
5547,True
5548,False
5549,True
5550,False
5551,True
5552,True
5553,False
5554,True
5555,False
5556,True
5557,True
5558,False
5559,False
5560,False
5561,False
5562,False
5563,False
5564,True
5565,False
5566,True
5567,False
5568,False
5569,True
5570,True
5571,False
5572,False
5573,True
5574,True
5575,True
5576,False
5577,False
5578,True
5579,True
5580,False
5581,True
5582,True
5583,False
5584,True
5585,True
5586,False
5587,True
5588,False
5589,False
5590,False
5591,False
5592,True
5593,False
5594,False
5595,False
5596,False
5597,False
5598,True
5599,False
5600,True
5601,True
5602,True
5603,True
5604,True
5605,True
5606,True
5607,True
5608,True
5609,False
5610,True
5611,False
5612,False
5613,False
5614,False
5615,True
5616,True
5617,False
5618,True
5619,False
5620,False
5621,False
5622,True
5623,False
5624,True
5625,False
5626,False
5627,True
5628,False
5629,True
5630,True
5631,True
5632,True
5633,True
5634,False
5635,False
5636,True
5637,False
5638,False
5639,True
5640,False
5641,True
5642,False
5643,False
5644,False
5645,False
5646,True
5647,False
5648,False
5649,True
5650,False
5651,True
5652,False
5653,False
5654,False
5655,False
5656,False
5657,True
5658,True
5659,True
5660,False
5661,True
5662,True
5663,True
5664,False
5665,False
5666,True
5667,False
5668,False
5669,False
5670,True
5671,True
5672,True
5673,True
5674,False
5675,False
5676,True
5677,False
5678,True
5679,False
5680,False
5681,False
5682,False
5683,False
5684,False
5685,False
5686,False
5687,False
5688,False
5689,True
5690,True
5691,True
5692,False
5693,True
5694,False
5695,False
5696,False
5697,True
5698,True
5699,False
5700,True
5701,True
5702,False
5703,True
5704,False
5705,False
5706,False
5707,False
5708,True
5709,True
5710,True
5711,True
5712,True
5713,True
5714,False
5715,False
5716,False
5717,True
5718,False
5719,False
5720,False
5721,False
5722,True
5723,False
5724,False
5725,True
5726,False
5727,False
5728,True
5729,True
5730,True
5731,True
5732,True
5733,False
5734,False
5735,False
5736,True
5737,False
5738,False
5739,False
5740,False
5741,False
5742,True
5743,False
5744,False
5745,False
5746,False
5747,False
5748,True
5749,False
5750,False
5751,True
5752,True
5753,False
5754,False
5755,False
5756,True
5757,False
5758,False
5759,False
5760,False
5761,True
5762,True
5763,True
5764,False
5765,False
5766,False
5767,False
5768,True
5769,True
5770,True
5771,True
5772,True
5773,False
5774,True
5775,True
5776,True
5777,False
5778,True
5779,True
5780,True
5781,False
5782,True
5783,False
5784,True
5785,False
5786,False
5787,False
5788,True
5789,True
5790,False
5791,False
5792,True
5793,True
5794,False
5795,True
5796,True
5797,True
5798,True
5799,True
5800,True
5801,True
5802,True
5803,False
5804,True
5805,True
5806,True
5807,False
5808,True
5809,False
5810,False
5811,True
5812,True
5813,False
5814,True
5815,True
5816,False
5817,False
5818,True
5819,True
5820,False
5821,True
5822,False
5823,False
5824,False
5825,False
5826,False
5827,True
5828,False
5829,False
5830,True
5831,True
5832,False
5833,False
5834,True
5835,True
5836,False
5837,True
5838,True
5839,True
5840,True
5841,False
5842,False
5843,False
5844,True
5845,False
5846,False
5847,True
5848,True
5849,True
5850,False
5851,False
5852,False
5853,True
5854,True
5855,True
5856,True
5857,True
5858,True
5859,True
5860,False
5861,True
5862,True
5863,False
5864,False
5865,False
5866,True
5867,True
5868,True
5869,True
5870,False
5871,True
5872,False
5873,False
5874,False
5875,True
5876,True
5877,True
5878,True
5879,False
5880,False
5881,True
5882,False
5883,False
5884,False
5885,False
5886,True
5887,False
5888,True
5889,False
5890,True
5891,False
5892,True
5893,False
5894,True
5895,False
5896,False
5897,True
5898,True
5899,False
5900,False
5901,True
5902,True
5903,False
5904,False
5905,True
5906,True
5907,False
5908,True
5909,False
5910,False
5911,False
5912,True
5913,False
5914,False
5915,False
5916,False
5917,True
5918,False
5919,True
5920,True
5921,False
5922,True
5923,False
5924,True
5925,True
5926,False
5927,False
5928,False
5929,False
5930,False
5931,False
5932,True
5933,True
5934,True
5935,True
5936,True
5937,True
5938,False
5939,False
5940,False
5941,True
5942,False
5943,True
5944,False
5945,False
5946,False
5947,True
5948,False
5949,False
5950,True
5951,False
5952,True
5953,True
5954,True
5955,False
5956,True
5957,True
5958,False
5959,True
5960,True
5961,True
5962,False
5963,True
5964,False
5965,False
5966,True
5967,False
5968,False
5969,True
5970,False
5971,False
5972,False
5973,False
5974,False
5975,True
5976,False
5977,False
5978,True
5979,True
5980,False
5981,True
5982,False
5983,False
5984,False
5985,True
5986,False
5987,True
5988,False
5989,False
5990,True
5991,False
5992,False
5993,False
5994,True
5995,False
5996,False
5997,True
5998,False
5999,True
6000,True
6001,True
6002,False
6003,True
6004,False
6005,False
6006,True
6007,False
6008,True
6009,True
6010,True
6011,True
6012,True
6013,False
6014,True
6015,True
6016,False
6017,True
6018,False
6019,True
6020,False
6021,False
6022,True
6023,False
6024,True
6025,False
6026,True
6027,True
6028,False
6029,False
6030,True
6031,True
6032,False
6033,False
6034,True
6035,True
6036,True
6037,True
6038,False
6039,False
6040,True
6041,False
6042,False
6043,False
6044,False
6045,True
6046,False
6047,True
6048,False
6049,True
6050,False
6051,True
6052,False
6053,False
6054,True
6055,True
6056,False
6057,False
6058,True
6059,True
6060,False
6061,True
6062,True
6063,True
6064,True
6065,True
6066,True
6067,True
6068,False
6069,True
6070,True
6071,True
6072,False
6073,True
6074,False
6075,False
6076,False
6077,False
6078,True
6079,False
6080,False
6081,True
6082,True
6083,True
6084,True
6085,True
6086,False
6087,False
6088,True
6089,False
6090,False
6091,True
6092,True
6093,False
6094,True
6095,True
6096,False
6097,False
6098,True
6099,False
6100,False
6101,False
6102,False
6103,True
6104,True
6105,False
6106,True
6107,True
6108,False
6109,False
6110,False
6111,True
6112,True
6113,False
6114,False
6115,True
6116,True
6117,False
6118,False
6119,True
6120,False
6121,False
6122,True
6123,False
6124,False
6125,True
6126,False
6127,True
6128,False
6129,True
6130,True
6131,False
6132,False
6133,True
6134,True
6135,True
6136,True
6137,True
6138,False
6139,False
6140,False
6141,True
6142,False
6143,True
6144,False
6145,True
6146,False
6147,False
6148,True
6149,False
6150,True
6151,True
6152,False
6153,True
6154,True
6155,True
6156,True
6157,True
6158,False
6159,False
6160,True
6161,True
6162,False
6163,True
6164,True
6165,False
6166,False
6167,False
6168,True
6169,True
6170,True
6171,True
6172,True
6173,False
6174,False
6175,True
6176,True
6177,False
6178,True
6179,False
6180,False
6181,False
6182,True
6183,True
6184,False
